date,10Y_treasury_rate,cpi_all_urban_consumers
1/1/20,,259.127
1/2/20,1.88,259.127
1/3/20,1.8,259.127
1/4/20,1.8,259.127
1/5/20,1.8,259.127
1/6/20,1.81,259.127
1/7/20,1.83,259.127
1/8/20,1.87,259.127
1/9/20,1.85,259.127
1/10/20,1.83,259.127
1/11/20,1.83,259.127
1/12/20,1.83,259.127
1/13/20,1.85,259.127
1/14/20,1.82,259.127
1/15/20,1.79,259.127
1/16/20,1.81,259.127
1/17/20,1.84,259.127
1/18/20,1.84,259.127
1/19/20,1.84,259.127
1/20/20,1.84,259.127
1/21/20,1.78,259.127
1/22/20,1.77,259.127
1/23/20,1.74,259.127
1/24/20,1.7,259.127
1/25/20,1.7,259.127
1/26/20,1.7,259.127
1/27/20,1.61,259.127
1/28/20,1.65,259.127
1/29/20,1.6,259.127
1/30/20,1.57,259.127
1/31/20,1.51,259.127
2/1/20,1.51,259.25
2/2/20,1.51,259.25
2/3/20,1.54,259.25
2/4/20,1.61,259.25
2/5/20,1.66,259.25
2/6/20,1.65,259.25
2/7/20,1.59,259.25
2/8/20,1.59,259.25
2/9/20,1.59,259.25
2/10/20,1.56,259.25
2/11/20,1.59,259.25
2/12/20,1.62,259.25
2/13/20,1.61,259.25
2/14/20,1.59,259.25
2/15/20,1.59,259.25
2/16/20,1.59,259.25
2/17/20,1.59,259.25
2/18/20,1.55,259.25
2/19/20,1.56,259.25
2/20/20,1.52,259.25
2/21/20,1.46,259.25
2/22/20,1.46,259.25
2/23/20,1.46,259.25
2/24/20,1.38,259.25
2/25/20,1.33,259.25
2/26/20,1.33,259.25
2/27/20,1.3,259.25
2/28/20,1.13,259.25
2/29/20,1.13,259.25
3/1/20,1.13,258.076
3/2/20,1.1,258.076
3/3/20,1.02,258.076
3/4/20,1.02,258.076
3/5/20,0.92,258.076
3/6/20,0.74,258.076
3/7/20,0.74,258.076
3/8/20,0.74,258.076
3/9/20,0.54,258.076
3/10/20,0.76,258.076
3/11/20,0.82,258.076
3/12/20,0.88,258.076
3/13/20,0.94,258.076
3/14/20,0.94,258.076
3/15/20,0.94,258.076
3/16/20,0.73,258.076
3/17/20,1.02,258.076
3/18/20,1.18,258.076
3/19/20,1.12,258.076
3/20/20,0.92,258.076
3/21/20,0.92,258.076
3/22/20,0.92,258.076
3/23/20,0.76,258.076
3/24/20,0.84,258.076
3/25/20,0.88,258.076
3/26/20,0.83,258.076
3/27/20,0.72,258.076
3/28/20,0.72,258.076
3/29/20,0.72,258.076
3/30/20,0.7,258.076
3/31/20,0.7,258.076
4/1/20,0.62,256.032
4/2/20,0.63,256.032
4/3/20,0.62,256.032
4/4/20,0.62,256.032
4/5/20,0.62,256.032
4/6/20,0.67,256.032
4/7/20,0.75,256.032
4/8/20,0.77,256.032
4/9/20,0.73,256.032
4/10/20,0.73,256.032
4/11/20,0.73,256.032
4/12/20,0.73,256.032
4/13/20,0.76,256.032
4/14/20,0.76,256.032
4/15/20,0.63,256.032
4/16/20,0.61,256.032
4/17/20,0.65,256.032
4/18/20,0.65,256.032
4/19/20,0.65,256.032
4/20/20,0.63,256.032
4/21/20,0.58,256.032
4/22/20,0.63,256.032
4/23/20,0.61,256.032
4/24/20,0.6,256.032
4/25/20,0.6,256.032
4/26/20,0.6,256.032
4/27/20,0.67,256.032
4/28/20,0.62,256.032
4/29/20,0.63,256.032
4/30/20,0.64,256.032
5/1/20,0.64,255.802
5/2/20,0.64,255.802
5/3/20,0.64,255.802
5/4/20,0.64,255.802
5/5/20,0.66,255.802
5/6/20,0.72,255.802
5/7/20,0.63,255.802
5/8/20,0.69,255.802
5/9/20,0.69,255.802
5/10/20,0.69,255.802
5/11/20,0.73,255.802
5/12/20,0.69,255.802
5/13/20,0.64,255.802
5/14/20,0.63,255.802
5/15/20,0.64,255.802
5/16/20,0.64,255.802
5/17/20,0.64,255.802
5/18/20,0.73,255.802
5/19/20,0.7,255.802
5/20/20,0.68,255.802
5/21/20,0.68,255.802
5/22/20,0.66,255.802
5/23/20,0.66,255.802
5/24/20,0.66,255.802
5/25/20,0.66,255.802
5/26/20,0.69,255.802
5/27/20,0.68,255.802
5/28/20,0.7,255.802
5/29/20,0.65,255.802
5/30/20,0.65,255.802
5/31/20,0.65,255.802
6/1/20,0.66,257.042
6/2/20,0.68,257.042
6/3/20,0.77,257.042
6/4/20,0.82,257.042
6/5/20,0.91,257.042
6/6/20,0.91,257.042
6/7/20,0.91,257.042
6/8/20,0.88,257.042
6/9/20,0.84,257.042
6/10/20,0.75,257.042
6/11/20,0.66,257.042
6/12/20,0.71,257.042
6/13/20,0.71,257.042
6/14/20,0.71,257.042
6/15/20,0.71,257.042
6/16/20,0.75,257.042
6/17/20,0.74,257.042
6/18/20,0.71,257.042
6/19/20,0.7,257.042
6/20/20,0.7,257.042
6/21/20,0.7,257.042
6/22/20,0.71,257.042
6/23/20,0.72,257.042
6/24/20,0.69,257.042
6/25/20,0.68,257.042
6/26/20,0.64,257.042
6/27/20,0.64,257.042
6/28/20,0.64,257.042
6/29/20,0.64,257.042
6/30/20,0.66,257.042
7/1/20,0.69,258.352
7/2/20,0.68,258.352
7/3/20,0.68,258.352
7/4/20,0.68,258.352
7/5/20,0.68,258.352
7/6/20,0.69,258.352
7/7/20,0.65,258.352
7/8/20,0.67,258.352
7/9/20,0.62,258.352
7/10/20,0.65,258.352
7/11/20,0.65,258.352
7/12/20,0.65,258.352
7/13/20,0.64,258.352
7/14/20,0.63,258.352
7/15/20,0.64,258.352
7/16/20,0.62,258.352
7/17/20,0.64,258.352
7/18/20,0.64,258.352
7/19/20,0.64,258.352
7/20/20,0.62,258.352
7/21/20,0.61,258.352
7/22/20,0.6,258.352
7/23/20,0.59,258.352
7/24/20,0.59,258.352
7/25/20,0.59,258.352
7/26/20,0.59,258.352
7/27/20,0.62,258.352
7/28/20,0.59,258.352
7/29/20,0.58,258.352
7/30/20,0.55,258.352
7/31/20,0.55,258.352
8/1/20,0.55,259.316
8/2/20,0.55,259.316
8/3/20,0.56,259.316
8/4/20,0.52,259.316
8/5/20,0.55,259.316
8/6/20,0.55,259.316
8/7/20,0.57,259.316
8/8/20,0.57,259.316
8/9/20,0.57,259.316
8/10/20,0.59,259.316
8/11/20,0.64,259.316
8/12/20,0.69,259.316
8/13/20,0.71,259.316
8/14/20,0.71,259.316
8/15/20,0.71,259.316
8/16/20,0.71,259.316
8/17/20,0.69,259.316
8/18/20,0.67,259.316
8/19/20,0.68,259.316
8/20/20,0.65,259.316
8/21/20,0.64,259.316
8/22/20,0.64,259.316
8/23/20,0.64,259.316
8/24/20,0.65,259.316
8/25/20,0.69,259.316
8/26/20,0.69,259.316
8/27/20,0.74,259.316
8/28/20,0.74,259.316
8/29/20,0.74,259.316
8/30/20,0.74,259.316
8/31/20,0.72,259.316
9/1/20,0.68,259.997
9/2/20,0.66,259.997
9/3/20,0.63,259.997
9/4/20,0.72,259.997
9/5/20,0.72,259.997
9/6/20,0.72,259.997
9/7/20,0.72,259.997
9/8/20,0.69,259.997
9/9/20,0.71,259.997
9/10/20,0.68,259.997
9/11/20,0.67,259.997
9/12/20,0.67,259.997
9/13/20,0.67,259.997
9/14/20,0.68,259.997
9/15/20,0.68,259.997
9/16/20,0.69,259.997
9/17/20,0.69,259.997
9/18/20,0.7,259.997
9/19/20,0.7,259.997
9/20/20,0.7,259.997
9/21/20,0.68,259.997
9/22/20,0.68,259.997
9/23/20,0.68,259.997
9/24/20,0.67,259.997
9/25/20,0.66,259.997
9/26/20,0.66,259.997
9/27/20,0.66,259.997
9/28/20,0.67,259.997
9/29/20,0.66,259.997
9/30/20,0.69,259.997
10/1/20,0.68,260.319
10/2/20,0.7,260.319
10/3/20,0.7,260.319
10/4/20,0.7,260.319
10/5/20,0.78,260.319
10/6/20,0.76,260.319
10/7/20,0.81,260.319
10/8/20,0.78,260.319
10/9/20,0.79,260.319
10/10/20,0.79,260.319
10/11/20,0.79,260.319
10/12/20,0.79,260.319
10/13/20,0.74,260.319
10/14/20,0.73,260.319
10/15/20,0.74,260.319
10/16/20,0.76,260.319
10/17/20,0.76,260.319
10/18/20,0.76,260.319
10/19/20,0.78,260.319
10/20/20,0.81,260.319
10/21/20,0.83,260.319
10/22/20,0.87,260.319
10/23/20,0.85,260.319
10/24/20,0.85,260.319
10/25/20,0.85,260.319
10/26/20,0.81,260.319
10/27/20,0.79,260.319
10/28/20,0.79,260.319
10/29/20,0.85,260.319
10/30/20,0.88,260.319
10/31/20,0.88,260.319
11/1/20,0.88,260.911
11/2/20,0.87,260.911
11/3/20,0.9,260.911
11/4/20,0.78,260.911
11/5/20,0.79,260.911
11/6/20,0.83,260.911
11/7/20,0.83,260.911
11/8/20,0.83,260.911
11/9/20,0.96,260.911
11/10/20,0.98,260.911
11/11/20,0.98,260.911
11/12/20,0.88,260.911
11/13/20,0.89,260.911
11/14/20,0.89,260.911
11/15/20,0.89,260.911
11/16/20,0.91,260.911
11/17/20,0.87,260.911
11/18/20,0.88,260.911
11/19/20,0.86,260.911
11/20/20,0.83,260.911
11/21/20,0.83,260.911
11/22/20,0.83,260.911
11/23/20,0.86,260.911
11/24/20,0.88,260.911
11/25/20,0.88,260.911
11/26/20,0.88,260.911
11/27/20,0.84,260.911
11/28/20,0.84,260.911
11/29/20,0.84,260.911
11/30/20,0.84,260.911
12/1/20,0.92,262.045
12/2/20,0.95,262.045
12/3/20,0.92,262.045
12/4/20,0.97,262.045
12/5/20,0.97,262.045
12/6/20,0.97,262.045
12/7/20,0.94,262.045
12/8/20,0.92,262.045
12/9/20,0.95,262.045
12/10/20,0.92,262.045
12/11/20,0.9,262.045
12/12/20,0.9,262.045
12/13/20,0.9,262.045
12/14/20,0.9,262.045
12/15/20,0.92,262.045
12/16/20,0.92,262.045
12/17/20,0.94,262.045
12/18/20,0.95,262.045
12/19/20,0.95,262.045
12/20/20,0.95,262.045
12/21/20,0.95,262.045
12/22/20,0.93,262.045
12/23/20,0.96,262.045
12/24/20,0.94,262.045
12/25/20,0.94,262.045
12/26/20,0.94,262.045
12/27/20,0.94,262.045
12/28/20,0.94,262.045
12/29/20,0.94,262.045
12/30/20,0.93,262.045
12/31/20,0.93,262.045
1/1/21,0.93,262.687
1/2/21,0.93,262.687
1/3/21,0.93,262.687
1/4/21,0.93,262.687
1/5/21,0.96,262.687
1/6/21,1.04,262.687
1/7/21,1.08,262.687
1/8/21,1.13,262.687
1/9/21,1.13,262.687
1/10/21,1.13,262.687
1/11/21,1.15,262.687
1/12/21,1.15,262.687
1/13/21,1.1,262.687
1/14/21,1.15,262.687
1/15/21,1.11,262.687
1/16/21,1.11,262.687
1/17/21,1.11,262.687
1/18/21,1.11,262.687
1/19/21,1.1,262.687
1/20/21,1.1,262.687
1/21/21,1.12,262.687
1/22/21,1.1,262.687
1/23/21,1.1,262.687
1/24/21,1.1,262.687
1/25/21,1.05,262.687
1/26/21,1.05,262.687
1/27/21,1.04,262.687
1/28/21,1.07,262.687
1/29/21,1.11,262.687
1/30/21,1.11,262.687
1/31/21,1.11,262.687
2/1/21,1.09,263.579
2/2/21,1.12,263.579
2/3/21,1.15,263.579
2/4/21,1.15,263.579
2/5/21,1.19,263.579
2/6/21,1.19,263.579
2/7/21,1.19,263.579
2/8/21,1.19,263.579
2/9/21,1.18,263.579
2/10/21,1.15,263.579
2/11/21,1.16,263.579
2/12/21,1.2,263.579
2/13/21,1.2,263.579
2/14/21,1.2,263.579
2/15/21,1.2,263.579
2/16/21,1.3,263.579
2/17/21,1.29,263.579
2/18/21,1.29,263.579
2/19/21,1.34,263.579
2/20/21,1.34,263.579
2/21/21,1.34,263.579
2/22/21,1.37,263.579
2/23/21,1.37,263.579
2/24/21,1.38,263.579
2/25/21,1.54,263.579
2/26/21,1.44,263.579
2/27/21,1.44,263.579
2/28/21,1.44,263.579
3/1/21,1.45,264.961
3/2/21,1.42,264.961
3/3/21,1.47,264.961
3/4/21,1.54,264.961
3/5/21,1.56,264.961
3/6/21,1.56,264.961
3/7/21,1.56,264.961
3/8/21,1.59,264.961
3/9/21,1.55,264.961
3/10/21,1.53,264.961
3/11/21,1.54,264.961
3/12/21,1.64,264.961
3/13/21,1.64,264.961
3/14/21,1.64,264.961
3/15/21,1.62,264.961
3/16/21,1.62,264.961
3/17/21,1.63,264.961
3/18/21,1.71,264.961
3/19/21,1.74,264.961
3/20/21,1.74,264.961
3/21/21,1.74,264.961
3/22/21,1.69,264.961
3/23/21,1.63,264.961
3/24/21,1.62,264.961
3/25/21,1.63,264.961
3/26/21,1.67,264.961
3/27/21,1.67,264.961
3/28/21,1.67,264.961
3/29/21,1.73,264.961
3/30/21,1.73,264.961
3/31/21,1.74,264.961
4/1/21,1.69,266.614
4/2/21,1.72,266.614
4/3/21,1.72,266.614
4/4/21,1.72,266.614
4/5/21,1.73,266.614
4/6/21,1.67,266.614
4/7/21,1.68,266.614
4/8/21,1.64,266.614
4/9/21,1.67,266.614
4/10/21,1.67,266.614
4/11/21,1.67,266.614
4/12/21,1.69,266.614
4/13/21,1.64,266.614
4/14/21,1.64,266.614
4/15/21,1.56,266.614
4/16/21,1.59,266.614
4/17/21,1.59,266.614
4/18/21,1.59,266.614
4/19/21,1.61,266.614
4/20/21,1.58,266.614
4/21/21,1.57,266.614
4/22/21,1.57,266.614
4/23/21,1.58,266.614
4/24/21,1.58,266.614
4/25/21,1.58,266.614
4/26/21,1.58,266.614
4/27/21,1.63,266.614
4/28/21,1.63,266.614
4/29/21,1.65,266.614
4/30/21,1.65,266.614
5/1/21,1.65,268.383
5/2/21,1.65,268.383
5/3/21,1.63,268.383
5/4/21,1.61,268.383
5/5/21,1.59,268.383
5/6/21,1.58,268.383
5/7/21,1.6,268.383
5/8/21,1.6,268.383
5/9/21,1.6,268.383
5/10/21,1.63,268.383
5/11/21,1.64,268.383
5/12/21,1.69,268.383
5/13/21,1.66,268.383
5/14/21,1.63,268.383
5/15/21,1.63,268.383
5/16/21,1.63,268.383
5/17/21,1.64,268.383
5/18/21,1.64,268.383
5/19/21,1.68,268.383
5/20/21,1.63,268.383
5/21/21,1.63,268.383
5/22/21,1.63,268.383
5/23/21,1.63,268.383
5/24/21,1.61,268.383
5/25/21,1.56,268.383
5/26/21,1.58,268.383
5/27/21,1.61,268.383
5/28/21,1.58,268.383
5/29/21,1.58,268.383
5/30/21,1.58,268.383
5/31/21,1.58,268.383
6/1/21,1.62,270.654
6/2/21,1.59,270.654
6/3/21,1.63,270.654
6/4/21,1.56,270.654
6/5/21,1.56,270.654
6/6/21,1.56,270.654
6/7/21,1.57,270.654
6/8/21,1.53,270.654
6/9/21,1.5,270.654
6/10/21,1.45,270.654
6/11/21,1.47,270.654
6/12/21,1.47,270.654
6/13/21,1.47,270.654
6/14/21,1.51,270.654
6/15/21,1.51,270.654
6/16/21,1.57,270.654
6/17/21,1.52,270.654
6/18/21,1.45,270.654
6/19/21,1.45,270.654
6/20/21,1.45,270.654
6/21/21,1.5,270.654
6/22/21,1.48,270.654
6/23/21,1.5,270.654
6/24/21,1.49,270.654
6/25/21,1.54,270.654
6/26/21,1.54,270.654
6/27/21,1.54,270.654
6/28/21,1.49,270.654
6/29/21,1.49,270.654
6/30/21,1.45,270.654
7/1/21,1.48,271.903
7/2/21,1.44,271.903
7/3/21,1.44,271.903
7/4/21,1.44,271.903
7/5/21,1.44,271.903
7/6/21,1.37,271.903
7/7/21,1.33,271.903
7/8/21,1.3,271.903
7/9/21,1.37,271.903
7/10/21,1.37,271.903
7/11/21,1.37,271.903
7/12/21,1.38,271.903
7/13/21,1.42,271.903
7/14/21,1.37,271.903
7/15/21,1.31,271.903
7/16/21,1.31,271.903
7/17/21,1.31,271.903
7/18/21,1.31,271.903
7/19/21,1.19,271.903
7/20/21,1.23,271.903
7/21/21,1.3,271.903
7/22/21,1.27,271.903
7/23/21,1.3,271.903
7/24/21,1.3,271.903
7/25/21,1.3,271.903
7/26/21,1.29,271.903
7/27/21,1.25,271.903
7/28/21,1.26,271.903
7/29/21,1.28,271.903
7/30/21,1.24,271.903
7/31/21,1.24,271.903
8/1/21,1.24,272.676
8/2/21,1.2,272.676
8/3/21,1.19,272.676
8/4/21,1.19,272.676
8/5/21,1.23,272.676
8/6/21,1.31,272.676
8/7/21,1.31,272.676
8/8/21,1.31,272.676
8/9/21,1.33,272.676
8/10/21,1.36,272.676
8/11/21,1.35,272.676
8/12/21,1.36,272.676
8/13/21,1.29,272.676
8/14/21,1.29,272.676
8/15/21,1.29,272.676
8/16/21,1.26,272.676
8/17/21,1.26,272.676
8/18/21,1.27,272.676
8/19/21,1.24,272.676
8/20/21,1.26,272.676
8/21/21,1.26,272.676
8/22/21,1.26,272.676
8/23/21,1.25,272.676
8/24/21,1.29,272.676
8/25/21,1.35,272.676
8/26/21,1.34,272.676
8/27/21,1.31,272.676
8/28/21,1.31,272.676
8/29/21,1.31,272.676
8/30/21,1.29,272.676
8/31/21,1.3,272.676
9/1/21,1.31,273.91
9/2/21,1.29,273.91
9/3/21,1.33,273.91
9/4/21,1.33,273.91
9/5/21,1.33,273.91
9/6/21,1.33,273.91
9/7/21,1.38,273.91
9/8/21,1.35,273.91
9/9/21,1.3,273.91
9/10/21,1.35,273.91
9/11/21,1.35,273.91
9/12/21,1.35,273.91
9/13/21,1.33,273.91
9/14/21,1.28,273.91
9/15/21,1.31,273.91
9/16/21,1.34,273.91
9/17/21,1.37,273.91
9/18/21,1.37,273.91
9/19/21,1.37,273.91
9/20/21,1.31,273.91
9/21/21,1.33,273.91
9/22/21,1.32,273.91
9/23/21,1.41,273.91
9/24/21,1.47,273.91
9/25/21,1.47,273.91
9/26/21,1.47,273.91
9/27/21,1.48,273.91
9/28/21,1.54,273.91
9/29/21,1.55,273.91
9/30/21,1.52,273.91
10/1/21,1.48,276.55
10/2/21,1.48,276.55
10/3/21,1.48,276.55
10/4/21,1.49,276.55
10/5/21,1.54,276.55
10/6/21,1.53,276.55
10/7/21,1.58,276.55
10/8/21,1.61,276.55
10/9/21,1.61,276.55
10/10/21,1.61,276.55
10/11/21,1.61,276.55
10/12/21,1.59,276.55
10/13/21,1.56,276.55
10/14/21,1.52,276.55
10/15/21,1.59,276.55
10/16/21,1.59,276.55
10/17/21,1.59,276.55
10/18/21,1.59,276.55
10/19/21,1.65,276.55
10/20/21,1.65,276.55
10/21/21,1.68,276.55
10/22/21,1.66,276.55
10/23/21,1.66,276.55
10/24/21,1.66,276.55
10/25/21,1.64,276.55
10/26/21,1.63,276.55
10/27/21,1.54,276.55
10/28/21,1.57,276.55
10/29/21,1.55,276.55
10/30/21,1.55,276.55
10/31/21,1.55,276.55
11/1/21,1.58,278.919
11/2/21,1.56,278.919
11/3/21,1.6,278.919
11/4/21,1.53,278.919
11/5/21,1.45,278.919
11/6/21,1.45,278.919
11/7/21,1.45,278.919
11/8/21,1.51,278.919
11/9/21,1.46,278.919
11/10/21,1.56,278.919
11/11/21,1.56,278.919
11/12/21,1.58,278.919
11/13/21,1.58,278.919
11/14/21,1.58,278.919
11/15/21,1.63,278.919
11/16/21,1.63,278.919
11/17/21,1.6,278.919
11/18/21,1.59,278.919
11/19/21,1.54,278.919
11/20/21,1.54,278.919
11/21/21,1.54,278.919
11/22/21,1.63,278.919
11/23/21,1.67,278.919
11/24/21,1.64,278.919
11/25/21,1.64,278.919
11/26/21,1.48,278.919
11/27/21,1.48,278.919
11/28/21,1.48,278.919
11/29/21,1.52,278.919
11/30/21,1.43,278.919
12/1/21,1.43,280.845
12/2/21,1.44,280.845
12/3/21,1.35,280.845
12/4/21,1.35,280.845
12/5/21,1.35,280.845
12/6/21,1.43,280.845
12/7/21,1.48,280.845
12/8/21,1.52,280.845
12/9/21,1.49,280.845
12/10/21,1.48,280.845
12/11/21,1.48,280.845
12/12/21,1.48,280.845
12/13/21,1.42,280.845
12/14/21,1.44,280.845
12/15/21,1.47,280.845
12/16/21,1.44,280.845
12/17/21,1.41,280.845
12/18/21,1.41,280.845
12/19/21,1.41,280.845
12/20/21,1.43,280.845
12/21/21,1.48,280.845
12/22/21,1.46,280.845
12/23/21,1.5,280.845
12/24/21,1.5,280.845
12/25/21,1.5,280.845
12/26/21,1.5,280.845
12/27/21,1.48,280.845
12/28/21,1.49,280.845
12/29/21,1.55,280.845
12/30/21,1.52,280.845
12/31/21,1.52,280.845
1/1/22,1.52,282.543
1/2/22,1.52,282.543
1/3/22,1.63,282.543
1/4/22,1.66,282.543
1/5/22,1.71,282.543
1/6/22,1.73,282.543
1/7/22,1.76,282.543
1/8/22,1.76,282.543
1/9/22,1.76,282.543
1/10/22,1.78,282.543
1/11/22,1.75,282.543
1/12/22,1.74,282.543
1/13/22,1.7,282.543
1/14/22,1.78,282.543
1/15/22,1.78,282.543
1/16/22,1.78,282.543
1/17/22,1.78,282.543
1/18/22,1.87,282.543
1/19/22,1.83,282.543
1/20/22,1.83,282.543
1/21/22,1.75,282.543
1/22/22,1.75,282.543
1/23/22,1.75,282.543
1/24/22,1.75,282.543
1/25/22,1.78,282.543
1/26/22,1.85,282.543
1/27/22,1.81,282.543
1/28/22,1.78,282.543
1/29/22,1.78,282.543
1/30/22,1.78,282.543
1/31/22,1.79,282.543
2/1/22,1.81,284.5
2/2/22,1.78,284.5
2/3/22,1.82,284.5
2/4/22,1.93,284.5
2/5/22,1.93,284.5
2/6/22,1.93,284.5
2/7/22,1.92,284.5
2/8/22,1.96,284.5
2/9/22,1.94,284.5
2/10/22,2.03,284.5
2/11/22,1.92,284.5
2/12/22,1.92,284.5
2/13/22,1.92,284.5
2/14/22,1.98,284.5
2/15/22,2.05,284.5
2/16/22,2.03,284.5
2/17/22,1.97,284.5
2/18/22,1.92,284.5
2/19/22,1.92,284.5
2/20/22,1.92,284.5
2/21/22,1.92,284.5
2/22/22,1.94,284.5
2/23/22,1.99,284.5
2/24/22,1.96,284.5
2/25/22,1.97,284.5
2/26/22,1.97,284.5
2/27/22,1.97,284.5
2/28/22,1.83,284.5
3/1/22,1.72,287.674
3/2/22,1.86,287.674
3/3/22,1.86,287.674
3/4/22,1.74,287.674
3/5/22,1.74,287.674
3/6/22,1.74,287.674
3/7/22,1.78,287.674
3/8/22,1.86,287.674
3/9/22,1.94,287.674
3/10/22,1.98,287.674
3/11/22,2,287.674
3/12/22,2,287.674
3/13/22,2,287.674
3/14/22,2.14,287.674
3/15/22,2.15,287.674
3/16/22,2.19,287.674
3/17/22,2.2,287.674
3/18/22,2.14,287.674
3/19/22,2.14,287.674
3/20/22,2.14,287.674
3/21/22,2.32,287.674
3/22/22,2.38,287.674
3/23/22,2.32,287.674
3/24/22,2.34,287.674
3/25/22,2.48,287.674
3/26/22,2.48,287.674
3/27/22,2.48,287.674
3/28/22,2.46,287.674
3/29/22,2.41,287.674
3/30/22,2.35,287.674
3/31/22,2.32,287.674
4/1/22,2.39,288.561
4/2/22,2.39,288.561
4/3/22,2.39,288.561
4/4/22,2.42,288.561
4/5/22,2.54,288.561
4/6/22,2.61,288.561
4/7/22,2.66,288.561
4/8/22,2.72,288.561
4/9/22,2.72,288.561
4/10/22,2.72,288.561
4/11/22,2.79,288.561
4/12/22,2.72,288.561
4/13/22,2.7,288.561
4/14/22,2.83,288.561
4/15/22,2.83,288.561
4/16/22,2.83,288.561
4/17/22,2.83,288.561
4/18/22,2.85,288.561
4/19/22,2.93,288.561
4/20/22,2.85,288.561
4/21/22,2.9,288.561
4/22/22,2.9,288.561
4/23/22,2.9,288.561
4/24/22,2.9,288.561
4/25/22,2.81,288.561
4/26/22,2.77,288.561
4/27/22,2.82,288.561
4/28/22,2.85,288.561
4/29/22,2.89,288.561
4/30/22,2.89,288.561
5/1/22,2.89,291.298
5/2/22,2.99,291.298
5/3/22,2.97,291.298
5/4/22,2.93,291.298
5/5/22,3.05,291.298
5/6/22,3.12,291.298
5/7/22,3.12,291.298
5/8/22,3.12,291.298
5/9/22,3.05,291.298
5/10/22,2.99,291.298
5/11/22,2.91,291.298
5/12/22,2.84,291.298
5/13/22,2.93,291.298
5/14/22,2.93,291.298
5/15/22,2.93,291.298
5/16/22,2.88,291.298
5/17/22,2.98,291.298
5/18/22,2.89,291.298
5/19/22,2.84,291.298
5/20/22,2.78,291.298
5/21/22,2.78,291.298
5/22/22,2.78,291.298
5/23/22,2.86,291.298
5/24/22,2.76,291.298
5/25/22,2.75,291.298
5/26/22,2.75,291.298
5/27/22,2.74,291.298
5/28/22,2.74,291.298
5/29/22,2.74,291.298
5/30/22,2.74,291.298
5/31/22,2.85,291.298
6/1/22,2.94,294.957
6/2/22,2.92,294.957
6/3/22,2.96,294.957
6/4/22,2.96,294.957
6/5/22,2.96,294.957
6/6/22,3.04,294.957
6/7/22,2.98,294.957
6/8/22,3.03,294.957
6/9/22,3.04,294.957
6/10/22,3.15,294.957
6/11/22,3.15,294.957
6/12/22,3.15,294.957
6/13/22,3.43,294.957
6/14/22,3.49,294.957
6/15/22,3.33,294.957
6/16/22,3.28,294.957
6/17/22,3.25,294.957
6/18/22,3.25,294.957
6/19/22,3.25,294.957
6/20/22,3.25,294.957
6/21/22,3.31,294.957
6/22/22,3.16,294.957
6/23/22,3.09,294.957
6/24/22,3.13,294.957
6/25/22,3.13,294.957
6/26/22,3.13,294.957
6/27/22,3.2,294.957
6/28/22,3.2,294.957
6/29/22,3.1,294.957
6/30/22,2.98,294.957
7/1/22,2.88,294.913
7/2/22,2.88,294.913
7/3/22,2.88,294.913
7/4/22,2.88,294.913
7/5/22,2.82,294.913
7/6/22,2.93,294.913
7/7/22,3.01,294.913
7/8/22,3.09,294.913
7/9/22,3.09,294.913
7/10/22,3.09,294.913
7/11/22,2.99,294.913
7/12/22,2.96,294.913
7/13/22,2.91,294.913
7/14/22,2.96,294.913
7/15/22,2.93,294.913
7/16/22,2.93,294.913
7/17/22,2.93,294.913
7/18/22,2.96,294.913
7/19/22,3.01,294.913
7/20/22,3.04,294.913
7/21/22,2.91,294.913
7/22/22,2.77,294.913
7/23/22,2.77,294.913
7/24/22,2.77,294.913
7/25/22,2.81,294.913
7/26/22,2.81,294.913
7/27/22,2.78,294.913
7/28/22,2.68,294.913
7/29/22,2.67,294.913
7/30/22,2.67,294.913
7/31/22,2.67,294.913
8/1/22,2.6,295.097
8/2/22,2.75,295.097
8/3/22,2.73,295.097
8/4/22,2.68,295.097
8/5/22,2.83,295.097
8/6/22,2.83,295.097
8/7/22,2.83,295.097
8/8/22,2.77,295.097
8/9/22,2.8,295.097
8/10/22,2.78,295.097
8/11/22,2.87,295.097
8/12/22,2.84,295.097
8/13/22,2.84,295.097
8/14/22,2.84,295.097
8/15/22,2.79,295.097
8/16/22,2.82,295.097
8/17/22,2.89,295.097
8/18/22,2.88,295.097
8/19/22,2.98,295.097
8/20/22,2.98,295.097
8/21/22,2.98,295.097
8/22/22,3.03,295.097
8/23/22,3.05,295.097
8/24/22,3.11,295.097
8/25/22,3.03,295.097
8/26/22,3.04,295.097
8/27/22,3.04,295.097
8/28/22,3.04,295.097
8/29/22,3.12,295.097
8/30/22,3.11,295.097
8/31/22,3.15,295.097
9/1/22,3.26,296.349
9/2/22,3.2,296.349
9/3/22,3.2,296.349
9/4/22,3.2,296.349
9/5/22,3.2,296.349
9/6/22,3.33,296.349
9/7/22,3.27,296.349
9/8/22,3.29,296.349
9/9/22,3.33,296.349
9/10/22,3.33,296.349
9/11/22,3.33,296.349
9/12/22,3.37,296.349
9/13/22,3.42,296.349
9/14/22,3.41,296.349
9/15/22,3.45,296.349
9/16/22,3.45,296.349
9/17/22,3.45,296.349
9/18/22,3.45,296.349
9/19/22,3.49,296.349
9/20/22,3.57,296.349
9/21/22,3.51,296.349
9/22/22,3.7,296.349
9/23/22,3.69,296.349
9/24/22,3.69,296.349
9/25/22,3.69,296.349
9/26/22,3.88,296.349
9/27/22,3.97,296.349
9/28/22,3.72,296.349
9/29/22,3.76,296.349
9/30/22,3.83,296.349
10/1/22,3.83,298.007
10/2/22,3.83,298.007
10/3/22,3.67,298.007
10/4/22,3.62,298.007
10/5/22,3.76,298.007
10/6/22,3.83,298.007
10/7/22,3.89,298.007
10/8/22,3.89,298.007
10/9/22,3.89,298.007
10/10/22,3.89,298.007
10/11/22,3.93,298.007
10/12/22,3.91,298.007
10/13/22,3.97,298.007
10/14/22,4,298.007
10/15/22,4,298.007
10/16/22,4,298.007
10/17/22,4.02,298.007
10/18/22,4.01,298.007
10/19/22,4.14,298.007
10/20/22,4.24,298.007
10/21/22,4.21,298.007
10/22/22,4.21,298.007
10/23/22,4.21,298.007
10/24/22,4.25,298.007
10/25/22,4.1,298.007
10/26/22,4.04,298.007
10/27/22,3.96,298.007
10/28/22,4.02,298.007
10/29/22,4.02,298.007
10/30/22,4.02,298.007
10/31/22,4.1,298.007
11/1/22,4.07,298.786
11/2/22,4.1,298.786
11/3/22,4.14,298.786
11/4/22,4.17,298.786
11/5/22,4.17,298.786
11/6/22,4.17,298.786
11/7/22,4.22,298.786
11/8/22,4.14,298.786
11/9/22,4.12,298.786
11/10/22,3.82,298.786
11/11/22,3.82,298.786
11/12/22,3.82,298.786
11/13/22,3.82,298.786
11/14/22,3.88,298.786
11/15/22,3.8,298.786
11/16/22,3.67,298.786
11/17/22,3.77,298.786
11/18/22,3.82,298.786
11/19/22,3.82,298.786
11/20/22,3.82,298.786
11/21/22,3.83,298.786
11/22/22,3.76,298.786
11/23/22,3.71,298.786
11/24/22,3.71,298.786
11/25/22,3.68,298.786
11/26/22,3.68,298.786
11/27/22,3.68,298.786
11/28/22,3.69,298.786
11/29/22,3.75,298.786
11/30/22,3.68,298.786
12/1/22,3.53,298.832
12/2/22,3.51,298.832
12/3/22,3.51,298.832
12/4/22,3.51,298.832
12/5/22,3.6,298.832
12/6/22,3.51,298.832
12/7/22,3.42,298.832
12/8/22,3.48,298.832
12/9/22,3.57,298.832
12/10/22,3.57,298.832
12/11/22,3.57,298.832
12/12/22,3.61,298.832
12/13/22,3.51,298.832
12/14/22,3.49,298.832
12/15/22,3.44,298.832
12/16/22,3.48,298.832
12/17/22,3.48,298.832
12/18/22,3.48,298.832
12/19/22,3.57,298.832
12/20/22,3.69,298.832
12/21/22,3.68,298.832
12/22/22,3.67,298.832
12/23/22,3.75,298.832
12/24/22,3.75,298.832
12/25/22,3.75,298.832
12/26/22,3.75,298.832
12/27/22,3.84,298.832
12/28/22,3.88,298.832
12/29/22,3.83,298.832
12/30/22,3.88,298.832
12/31/22,3.88,298.832
1/1/23,3.88,300.42
1/2/23,3.88,300.42
1/3/23,3.79,300.42
1/4/23,3.69,300.42
1/5/23,3.71,300.42
1/6/23,3.55,300.42
1/7/23,3.55,300.42
1/8/23,3.55,300.42
1/9/23,3.53,300.42
1/10/23,3.61,300.42
1/11/23,3.54,300.42
1/12/23,3.43,300.42
1/13/23,3.49,300.42
1/14/23,3.49,300.42
1/15/23,3.49,300.42
1/16/23,3.49,300.42
1/17/23,3.53,300.42
1/18/23,3.37,300.42
1/19/23,3.39,300.42
1/20/23,3.48,300.42
1/21/23,3.48,300.42
1/22/23,3.48,300.42
1/23/23,3.52,300.42
1/24/23,3.46,300.42
1/25/23,3.46,300.42
1/26/23,3.49,300.42
1/27/23,3.52,300.42
1/28/23,3.52,300.42
1/29/23,3.52,300.42
1/30/23,3.55,300.42
1/31/23,3.52,300.42
2/1/23,3.39,301.45
2/2/23,3.4,301.45
2/3/23,3.53,301.45
2/4/23,3.53,301.45
2/5/23,3.53,301.45
2/6/23,3.63,301.45
2/7/23,3.67,301.45
2/8/23,3.63,301.45
2/9/23,3.67,301.45
2/10/23,3.74,301.45
2/11/23,3.74,301.45
2/12/23,3.74,301.45
2/13/23,3.72,301.45
2/14/23,3.77,301.45
2/15/23,3.81,301.45
2/16/23,3.86,301.45
2/17/23,3.82,301.45
2/18/23,3.82,301.45
2/19/23,3.82,301.45
2/20/23,3.82,301.45
2/21/23,3.95,301.45
2/22/23,3.93,301.45
2/23/23,3.88,301.45
2/24/23,3.95,301.45
2/25/23,3.95,301.45
2/26/23,3.95,301.45
2/27/23,3.92,301.45
2/28/23,3.92,301.45
3/1/23,4.01,301.821
3/2/23,4.08,301.821
3/3/23,3.97,301.821
3/4/23,3.97,301.821
3/5/23,3.97,301.821
3/6/23,3.98,301.821
3/7/23,3.97,301.821
3/8/23,3.98,301.821
3/9/23,3.93,301.821
3/10/23,3.7,301.821
3/11/23,3.7,301.821
3/12/23,3.7,301.821
3/13/23,3.55,301.821
3/14/23,3.64,301.821
3/15/23,3.51,301.821
3/16/23,3.56,301.821
3/17/23,3.39,301.821
3/18/23,3.39,301.821
3/19/23,3.39,301.821
3/20/23,3.47,301.821
3/21/23,3.59,301.821
3/22/23,3.48,301.821
3/23/23,3.38,301.821
3/24/23,3.38,301.821
3/25/23,3.38,301.821
3/26/23,3.38,301.821
3/27/23,3.53,301.821
3/28/23,3.55,301.821
3/29/23,3.57,301.821
3/30/23,3.55,301.821
3/31/23,3.48,301.821
4/1/23,3.48,302.845
4/2/23,3.48,302.845
4/3/23,3.43,302.845
4/4/23,3.35,302.845
4/5/23,3.3,302.845
4/6/23,3.3,302.845
4/7/23,3.39,302.845
4/8/23,3.39,302.845
4/9/23,3.39,302.845
4/10/23,3.41,302.845
4/11/23,3.43,302.845
4/12/23,3.41,302.845
4/13/23,3.45,302.845
4/14/23,3.52,302.845
4/15/23,3.52,302.845
4/16/23,3.52,302.845
4/17/23,3.6,302.845
4/18/23,3.58,302.845
4/19/23,3.6,302.845
4/20/23,3.54,302.845
4/21/23,3.57,302.845
4/22/23,3.57,302.845
4/23/23,3.57,302.845
4/24/23,3.52,302.845
4/25/23,3.4,302.845
4/26/23,3.43,302.845
4/27/23,3.53,302.845
4/28/23,3.44,302.845
4/29/23,3.44,302.845
4/30/23,3.44,302.845
5/1/23,3.59,303.334
5/2/23,3.44,303.334
5/3/23,3.38,303.334
5/4/23,3.37,303.334
5/5/23,3.44,303.334
5/6/23,3.44,303.334
5/7/23,3.44,303.334
5/8/23,3.52,303.334
5/9/23,3.53,303.334
5/10/23,3.43,303.334
5/11/23,3.39,303.334
5/12/23,3.46,303.334
5/13/23,3.46,303.334
5/14/23,3.46,303.334
5/15/23,3.5,303.334
5/16/23,3.54,303.334
5/17/23,3.57,303.334
5/18/23,3.65,303.334
5/19/23,3.7,303.334
5/20/23,3.7,303.334
5/21/23,3.7,303.334
5/22/23,3.72,303.334
5/23/23,3.7,303.334
5/24/23,3.73,303.334
5/25/23,3.83,303.334
5/26/23,3.8,303.334
5/27/23,3.8,303.334
5/28/23,3.8,303.334
5/29/23,3.8,303.334
5/30/23,3.69,303.334
5/31/23,3.64,303.334
6/1/23,3.61,304.014
6/2/23,3.69,304.014
6/3/23,3.69,304.014
6/4/23,3.69,304.014
6/5/23,3.69,304.014
6/6/23,3.7,304.014
6/7/23,3.79,304.014
6/8/23,3.73,304.014
6/9/23,3.75,304.014
6/10/23,3.75,304.014
6/11/23,3.75,304.014
6/12/23,3.73,304.014
6/13/23,3.84,304.014
6/14/23,3.83,304.014
6/15/23,3.72,304.014
6/16/23,3.77,304.014
6/17/23,3.77,304.014
6/18/23,3.77,304.014
6/19/23,3.77,304.014
6/20/23,3.74,304.014
6/21/23,3.72,304.014
6/22/23,3.8,304.014
6/23/23,3.74,304.014
6/24/23,3.74,304.014
6/25/23,3.74,304.014
6/26/23,3.72,304.014
6/27/23,3.77,304.014
6/28/23,3.71,304.014
6/29/23,3.85,304.014
6/30/23,3.81,304.014
7/1/23,3.81,304.609
7/2/23,3.81,304.609
7/3/23,3.86,304.609
7/4/23,3.86,304.609
7/5/23,3.95,304.609
7/6/23,4.05,304.609
7/7/23,4.06,304.609
7/8/23,4.06,304.609
7/9/23,4.06,304.609
7/10/23,4.01,304.609
7/11/23,3.99,304.609
7/12/23,3.86,304.609
7/13/23,3.76,304.609
7/14/23,3.83,304.609
7/15/23,3.83,304.609
7/16/23,3.83,304.609
7/17/23,3.81,304.609
7/18/23,3.8,304.609
7/19/23,3.75,304.609
7/20/23,3.85,304.609
7/21/23,3.84,304.609
7/22/23,3.84,304.609
7/23/23,3.84,304.609
7/24/23,3.86,304.609
7/25/23,3.91,304.609
7/26/23,3.86,304.609
7/27/23,4.01,304.609
7/28/23,3.96,304.609
7/29/23,3.96,304.609
7/30/23,3.96,304.609
7/31/23,3.97,304.609
8/1/23,4.05,306.082
8/2/23,4.08,306.082
8/3/23,4.2,306.082
8/4/23,4.05,306.082
8/5/23,4.05,306.082
8/6/23,4.05,306.082
8/7/23,4.09,306.082
8/8/23,4.02,306.082
8/9/23,4,306.082
8/10/23,4.09,306.082
8/11/23,4.16,306.082
8/12/23,4.16,306.082
8/13/23,4.16,306.082
8/14/23,4.19,306.082
8/15/23,4.21,306.082
8/16/23,4.28,306.082
8/17/23,4.3,306.082
8/18/23,4.26,306.082
8/19/23,4.26,306.082
8/20/23,4.26,306.082
8/21/23,4.34,306.082
8/22/23,4.34,306.082
8/23/23,4.19,306.082
8/24/23,4.23,306.082
8/25/23,4.25,306.082
8/26/23,4.25,306.082
8/27/23,4.25,306.082
8/28/23,4.2,306.082
8/29/23,4.12,306.082
8/30/23,4.12,306.082
8/31/23,4.09,306.082
9/1/23,4.18,307.276
9/2/23,4.18,307.276
9/3/23,4.18,307.276
9/4/23,4.18,307.276
9/5/23,4.27,307.276
9/6/23,4.3,307.276
9/7/23,4.27,307.276
9/8/23,4.26,307.276
9/9/23,4.26,307.276
9/10/23,4.26,307.276
9/11/23,4.29,307.276
9/12/23,4.27,307.276
9/13/23,4.25,307.276
9/14/23,4.29,307.276
9/15/23,4.33,307.276
9/16/23,4.33,307.276
9/17/23,4.33,307.276
9/18/23,4.32,307.276
9/19/23,4.37,307.276
9/20/23,4.35,307.276
9/21/23,4.49,307.276
9/22/23,4.44,307.276
9/23/23,4.44,307.276
9/24/23,4.44,307.276
9/25/23,4.55,307.276
9/26/23,4.56,307.276
9/27/23,4.61,307.276
9/28/23,4.59,307.276
9/29/23,4.59,307.276
9/30/23,4.59,307.276
10/1/23,4.59,307.696
10/2/23,4.69,307.696
10/3/23,4.81,307.696
10/4/23,4.73,307.696
10/5/23,4.72,307.696
10/6/23,4.78,307.696
10/7/23,4.78,307.696
10/8/23,4.78,307.696
10/9/23,4.78,307.696
10/10/23,4.66,307.696
10/11/23,4.58,307.696
10/12/23,4.7,307.696
10/13/23,4.63,307.696
10/14/23,4.63,307.696
10/15/23,4.63,307.696
10/16/23,4.71,307.696
10/17/23,4.83,307.696
10/18/23,4.91,307.696
10/19/23,4.98,307.696
10/20/23,4.93,307.696
10/21/23,4.93,307.696
10/22/23,4.93,307.696
10/23/23,4.86,307.696
10/24/23,4.83,307.696
10/25/23,4.95,307.696
10/26/23,4.86,307.696
10/27/23,4.84,307.696
10/28/23,4.84,307.696
10/29/23,4.84,307.696
10/30/23,4.88,307.696
10/31/23,4.88,307.696
11/1/23,4.77,308.148
11/2/23,4.67,308.148
11/3/23,4.57,308.148
11/4/23,4.57,308.148
11/5/23,4.57,308.148
11/6/23,4.67,308.148
11/7/23,4.58,308.148
11/8/23,4.49,308.148
11/9/23,4.62,308.148
11/10/23,4.61,308.148
11/11/23,4.61,308.148
11/12/23,4.61,308.148
11/13/23,4.63,308.148
11/14/23,4.44,308.148
11/15/23,4.53,308.148
11/16/23,4.45,308.148
11/17/23,4.44,308.148
11/18/23,4.44,308.148
11/19/23,4.44,308.148
11/20/23,4.42,308.148
11/21/23,4.41,308.148
11/22/23,4.42,308.148
11/23/23,4.42,308.148
11/24/23,4.47,308.148
11/25/23,4.47,308.148
11/26/23,4.47,308.148
11/27/23,4.39,308.148
11/28/23,4.34,308.148
11/29/23,4.27,308.148
11/30/23,4.37,308.148
12/1/23,4.22,308.741
12/2/23,4.22,308.741
12/3/23,4.22,308.741
12/4/23,4.28,308.741
12/5/23,4.18,308.741
12/6/23,4.12,308.741
12/7/23,4.14,308.741
12/8/23,4.23,308.741
12/9/23,4.23,308.741
12/10/23,4.23,308.741
12/11/23,4.23,308.741
12/12/23,4.2,308.741
12/13/23,4.04,308.741
12/14/23,3.92,308.741
12/15/23,3.91,308.741
12/16/23,3.91,308.741
12/17/23,3.91,308.741
12/18/23,3.95,308.741
12/19/23,3.93,308.741
12/20/23,3.86,308.741
12/21/23,3.89,308.741
12/22/23,3.9,308.741
12/23/23,3.9,308.741
12/24/23,3.9,308.741
12/25/23,3.9,308.741
12/26/23,3.89,308.741
12/27/23,3.79,308.741
12/28/23,3.84,308.741
12/29/23,3.88,308.741
12/30/23,3.88,308.741
12/31/23,3.88,308.741
1/1/24,3.88,309.698
1/2/24,3.95,309.698
1/3/24,3.91,309.698
1/4/24,3.99,309.698
1/5/24,4.05,309.698
1/6/24,4.05,309.698
1/7/24,4.05,309.698
1/8/24,4.01,309.698
1/9/24,4.02,309.698
1/10/24,4.04,309.698
1/11/24,3.98,309.698
1/12/24,3.96,309.698
1/13/24,3.96,309.698
1/14/24,3.96,309.698
1/15/24,3.96,309.698
1/16/24,4.07,309.698
1/17/24,4.1,309.698
1/18/24,4.14,309.698
1/19/24,4.15,309.698
1/20/24,4.15,309.698
1/21/24,4.15,309.698
1/22/24,4.11,309.698
1/23/24,4.14,309.698
1/24/24,4.18,309.698
1/25/24,4.14,309.698
1/26/24,4.15,309.698
1/27/24,4.15,309.698
1/28/24,4.15,309.698
1/29/24,4.08,309.698
1/30/24,4.06,309.698
1/31/24,3.99,309.698
2/1/24,3.87,310.967
2/2/24,4.03,310.967
2/3/24,4.03,310.967
2/4/24,4.03,310.967
2/5/24,4.17,310.967
2/6/24,4.09,310.967
2/7/24,4.09,310.967
2/8/24,4.15,310.967
2/9/24,4.17,310.967
2/10/24,4.17,310.967
2/11/24,4.17,310.967
2/12/24,4.17,310.967
2/13/24,4.31,310.967
2/14/24,4.27,310.967
2/15/24,4.24,310.967
2/16/24,4.3,310.967
2/17/24,4.3,310.967
2/18/24,4.3,310.967
2/19/24,4.3,310.967
2/20/24,4.27,310.967
2/21/24,4.32,310.967
2/22/24,4.33,310.967
2/23/24,4.26,310.967
2/24/24,4.26,310.967
2/25/24,4.26,310.967
2/26/24,4.28,310.967
2/27/24,4.31,310.967
2/28/24,4.27,310.967
2/29/24,4.25,310.967
3/1/24,4.19,312.345
3/2/24,4.19,312.345
3/3/24,4.19,312.345
3/4/24,4.22,312.345
3/5/24,4.13,312.345
3/6/24,4.11,312.345
3/7/24,4.09,312.345
3/8/24,4.09,312.345
3/9/24,4.09,312.345
3/10/24,4.09,312.345
3/11/24,4.1,312.345
3/12/24,4.16,312.345
3/13/24,4.19,312.345
3/14/24,4.29,312.345
3/15/24,4.31,312.345
3/16/24,4.31,312.345
3/17/24,4.31,312.345
3/18/24,4.34,312.345
3/19/24,4.3,312.345
3/20/24,4.27,312.345
3/21/24,4.27,312.345
3/22/24,4.22,312.345
3/23/24,4.22,312.345
3/24/24,4.22,312.345
3/25/24,4.25,312.345
3/26/24,4.24,312.345
3/27/24,4.2,312.345
3/28/24,4.2,312.345
3/29/24,4.2,312.345
3/30/24,4.2,312.345
3/31/24,4.2,312.345
4/1/24,4.33,313.023
4/2/24,4.36,313.023
4/3/24,4.36,313.023
4/4/24,4.31,313.023
4/5/24,4.39,313.023
4/6/24,4.39,313.023
4/7/24,4.39,313.023
4/8/24,4.42,313.023
4/9/24,4.36,313.023
4/10/24,4.55,313.023
4/11/24,4.56,313.023
4/12/24,4.5,313.023
4/13/24,4.5,313.023
4/14/24,4.5,313.023
4/15/24,4.63,313.023
4/16/24,4.67,313.023
4/17/24,4.59,313.023
4/18/24,4.64,313.023
4/19/24,4.62,313.023
4/20/24,4.62,313.023
4/21/24,4.62,313.023
4/22/24,4.62,313.023
4/23/24,4.61,313.023
4/24/24,4.65,313.023
4/25/24,4.7,313.023
4/26/24,4.67,313.023
4/27/24,4.67,313.023
4/28/24,4.67,313.023
4/29/24,4.63,313.023
4/30/24,4.69,313.023
5/1/24,4.63,313.175
5/2/24,4.58,313.175
5/3/24,4.5,313.175
5/4/24,4.5,313.175
5/5/24,4.5,313.175
5/6/24,4.49,313.175
5/7/24,4.47,313.175
5/8/24,4.48,313.175
5/9/24,4.45,313.175
5/10/24,4.5,313.175
5/11/24,4.5,313.175
5/12/24,4.5,313.175
5/13/24,4.48,313.175
5/14/24,4.45,313.175
5/15/24,4.36,313.175
5/16/24,4.38,313.175
5/17/24,4.42,313.175
5/18/24,4.42,313.175
5/19/24,4.42,313.175
5/20/24,4.44,313.175
5/21/24,4.41,313.175
5/22/24,4.43,313.175
5/23/24,4.47,313.175
5/24/24,4.46,313.175
5/25/24,4.46,313.175
5/26/24,4.46,313.175
5/27/24,4.46,313.175
5/28/24,4.54,313.175
5/29/24,4.61,313.175
5/30/24,4.55,313.175
5/31/24,4.51,313.175
6/1/24,4.51,313.044
6/2/24,4.51,313.044
6/3/24,4.41,313.044
6/4/24,4.33,313.044
6/5/24,4.29,313.044
6/6/24,4.28,313.044
6/7/24,4.43,313.044
6/8/24,4.43,313.044
6/9/24,4.43,313.044
6/10/24,4.47,313.044
6/11/24,4.39,313.044
6/12/24,4.31,313.044
6/13/24,4.24,313.044
6/14/24,4.2,313.044
6/15/24,4.2,313.044
6/16/24,4.2,313.044
6/17/24,4.28,313.044
6/18/24,4.22,313.044
6/19/24,4.22,313.044
6/20/24,4.25,313.044
6/21/24,4.25,313.044
6/22/24,4.25,313.044
6/23/24,4.25,313.044
6/24/24,4.25,313.044
6/25/24,4.23,313.044
6/26/24,4.32,313.044
6/27/24,4.29,313.044
6/28/24,4.36,313.044
6/29/24,4.36,313.044
6/30/24,4.36,313.044
7/1/24,4.48,313.569
7/2/24,4.43,313.569
7/3/24,4.36,313.569
7/4/24,4.36,313.569
7/5/24,4.28,313.569
7/6/24,4.28,313.569
7/7/24,4.28,313.569
7/8/24,4.28,313.569
7/9/24,4.3,313.569
7/10/24,4.28,313.569
7/11/24,4.2,313.569
7/12/24,4.18,313.569
7/13/24,4.18,313.569
7/14/24,4.18,313.569
7/15/24,4.23,313.569
7/16/24,4.17,313.569
7/17/24,4.16,313.569
7/18/24,4.2,313.569
7/19/24,4.25,313.569
7/20/24,4.25,313.569
7/21/24,4.25,313.569
7/22/24,4.26,313.569
7/23/24,4.25,313.569
7/24/24,4.28,313.569
7/25/24,4.27,313.569
7/26/24,4.2,313.569
7/27/24,4.2,313.569
7/28/24,4.2,313.569
7/29/24,4.17,313.569
7/30/24,4.15,313.569
7/31/24,4.09,313.569
8/1/24,3.99,314.062
8/2/24,3.8,314.062
8/3/24,3.8,314.062
8/4/24,3.8,314.062
8/5/24,3.78,314.062
8/6/24,3.9,314.062
8/7/24,3.96,314.062
8/8/24,3.99,314.062
8/9/24,3.94,314.062
8/10/24,3.94,314.062
8/11/24,3.94,314.062
8/12/24,3.9,314.062
8/13/24,3.85,314.062
8/14/24,3.83,314.062
8/15/24,3.92,314.062
8/16/24,3.89,314.062
8/17/24,3.89,314.062
8/18/24,3.89,314.062
8/19/24,3.86,314.062
8/20/24,3.82,314.062
8/21/24,3.79,314.062
8/22/24,3.86,314.062
8/23/24,3.81,314.062
8/24/24,3.81,314.062
8/25/24,3.81,314.062
8/26/24,3.82,314.062
8/27/24,3.83,314.062
8/28/24,3.84,314.062
8/29/24,3.87,314.062
8/30/24,3.91,314.062
8/31/24,3.91,314.062
9/1/24,3.91,314.732
9/2/24,3.91,314.732
9/3/24,3.84,314.732
9/4/24,3.77,314.732
9/5/24,3.73,314.732
9/6/24,3.72,314.732
9/7/24,3.72,314.732
9/8/24,3.72,314.732
9/9/24,3.7,314.732
9/10/24,3.65,314.732
9/11/24,3.65,314.732
9/12/24,3.68,314.732
9/13/24,3.66,314.732
9/14/24,3.66,314.732
9/15/24,3.66,314.732
9/16/24,3.63,314.732
9/17/24,3.65,314.732
9/18/24,3.7,314.732
9/19/24,3.73,314.732
9/20/24,3.73,314.732
9/21/24,3.73,314.732
9/22/24,3.73,314.732
9/23/24,3.75,314.732
9/24/24,3.74,314.732
9/25/24,3.79,314.732
9/26/24,3.79,314.732
9/27/24,3.75,314.732
9/28/24,3.75,314.732
9/29/24,3.75,314.732
9/30/24,3.81,314.732
10/1/24,3.74,315.631
10/2/24,3.79,315.631
10/3/24,3.85,315.631
10/4/24,3.98,315.631
10/5/24,3.98,315.631
10/6/24,3.98,315.631
10/7/24,4.03,315.631
10/8/24,4.04,315.631
10/9/24,4.06,315.631
10/10/24,4.09,315.631
10/11/24,4.08,315.631
10/12/24,4.08,315.631
10/13/24,4.08,315.631
10/14/24,4.08,315.631
10/15/24,4.03,315.631
10/16/24,4.02,315.631
10/17/24,4.09,315.631
10/18/24,4.08,315.631
10/19/24,4.08,315.631
10/20/24,4.08,315.631
10/21/24,4.19,315.631
10/22/24,4.2,315.631
10/23/24,4.24,315.631
10/24/24,4.21,315.631
10/25/24,4.25,315.631
10/26/24,4.25,315.631
10/27/24,4.25,315.631
10/28/24,4.28,315.631
10/29/24,4.28,315.631
10/30/24,4.29,315.631
10/31/24,4.28,315.631
11/1/24,4.37,316.528
11/2/24,4.37,316.528
11/3/24,4.37,316.528
11/4/24,4.31,316.528
11/5/24,4.26,316.528
11/6/24,4.42,316.528
11/7/24,4.31,316.528
11/8/24,4.3,316.528
11/9/24,4.3,316.528
11/10/24,4.3,316.528
11/11/24,4.3,316.528
11/12/24,4.43,316.528
11/13/24,4.44,316.528
11/14/24,4.43,316.528
11/15/24,4.43,316.528
11/16/24,4.43,316.528
11/17/24,4.43,316.528
11/18/24,4.42,316.528
11/19/24,4.39,316.528
11/20/24,4.41,316.528
11/21/24,4.43,316.528
11/22/24,4.41,316.528
11/23/24,4.41,316.528
11/24/24,4.41,316.528
11/25/24,4.27,316.528
11/26/24,4.3,316.528
11/27/24,4.25,316.528
11/28/24,4.25,316.528
11/29/24,4.18,316.528
11/30/24,4.18,316.528
12/1/24,4.18,317.604
12/2/24,4.19,317.604
12/3/24,4.23,317.604
12/4/24,4.19,317.604
12/5/24,4.17,317.604
12/6/24,4.15,317.604
12/7/24,4.15,317.604
12/8/24,4.15,317.604
12/9/24,4.2,317.604
12/10/24,4.22,317.604
12/11/24,4.26,317.604
12/12/24,4.32,317.604
12/13/24,4.4,317.604
12/14/24,4.4,317.604
12/15/24,4.4,317.604
12/16/24,4.39,317.604
12/17/24,4.4,317.604
12/18/24,4.5,317.604
12/19/24,4.57,317.604
12/20/24,4.52,317.604
12/21/24,4.52,317.604
12/22/24,4.52,317.604
12/23/24,4.59,317.604
12/24/24,4.59,317.604
12/25/24,4.59,317.604
12/26/24,4.58,317.604
12/27/24,4.62,317.604
12/28/24,4.62,317.604
12/29/24,4.62,317.604
12/30/24,4.55,317.604
12/31/24,4.58,317.604
1/1/25,4.58,318.961
1/2/25,4.57,318.961
1/3/25,4.6,318.961
1/4/25,4.6,318.961
1/5/25,4.6,318.961
1/6/25,4.62,318.961
1/7/25,4.67,318.961
1/8/25,4.67,318.961
1/9/25,4.68,318.961
1/10/25,4.77,318.961
1/11/25,4.77,318.961
1/12/25,4.77,318.961
1/13/25,4.79,318.961
1/14/25,4.78,318.961
1/15/25,4.66,318.961
1/16/25,4.61,318.961
1/17/25,4.61,318.961
1/18/25,4.61,318.961
1/19/25,4.61,318.961
1/20/25,4.61,318.961
1/21/25,4.57,318.961
1/22/25,4.6,318.961
1/23/25,4.65,318.961
1/24/25,4.63,318.961
1/25/25,4.63,318.961
1/26/25,4.63,318.961
1/27/25,4.53,318.961
1/28/25,4.55,318.961
1/29/25,4.55,318.961
1/30/25,4.52,318.961
1/31/25,4.58,318.961
2/1/25,4.58,319.679
2/2/25,4.58,319.679
2/3/25,4.54,319.679
2/4/25,4.52,319.679
2/5/25,4.43,319.679
2/6/25,4.45,319.679
2/7/25,4.49,319.679
2/8/25,4.49,319.679
2/9/25,4.49,319.679
2/10/25,4.51,319.679
2/11/25,4.54,319.679
2/12/25,4.62,319.679
2/13/25,4.52,319.679
2/14/25,4.47,319.679
2/15/25,4.47,319.679
2/16/25,4.47,319.679
2/17/25,4.47,319.679
2/18/25,4.55,319.679
2/19/25,4.53,319.679
2/20/25,4.5,319.679
2/21/25,4.42,319.679
2/22/25,4.42,319.679
2/23/25,4.42,319.679
2/24/25,4.4,319.679
2/25/25,4.3,319.679
2/26/25,4.25,319.679
2/27/25,4.29,319.679
2/28/25,4.24,319.679
3/1/25,4.24,319.785
3/2/25,4.24,319.785
3/3/25,4.16,319.785
3/4/25,4.22,319.785
3/5/25,4.28,319.785
3/6/25,4.29,319.785
3/7/25,4.32,319.785
3/8/25,4.32,319.785
3/9/25,4.32,319.785
3/10/25,4.22,319.785
3/11/25,4.28,319.785
3/12/25,4.32,319.785
3/13/25,4.27,319.785
3/14/25,4.31,319.785
3/15/25,4.31,319.785
3/16/25,4.31,319.785
3/17/25,4.31,319.785
3/18/25,4.29,319.785
3/19/25,4.25,319.785
3/20/25,4.24,319.785
3/21/25,4.25,319.785
3/22/25,4.25,319.785
3/23/25,4.25,319.785
3/24/25,4.34,319.785
3/25/25,4.31,319.785
3/26/25,4.35,319.785
3/27/25,4.38,319.785
3/28/25,4.27,319.785
3/29/25,4.27,319.785
3/30/25,4.27,319.785
3/31/25,4.23,319.785
4/1/25,4.17,320.302
4/2/25,4.2,320.302
4/3/25,4.06,320.302
4/4/25,4.01,320.302
4/5/25,4.01,320.302
4/6/25,4.01,320.302
4/7/25,4.15,320.302
4/8/25,4.26,320.302
4/9/25,4.34,320.302
4/10/25,4.4,320.302
4/11/25,4.48,320.302
4/12/25,4.48,320.302
4/13/25,4.48,320.302
4/14/25,4.38,320.302
4/15/25,4.35,320.302
4/16/25,4.29,320.302
4/17/25,4.34,320.302
4/18/25,4.34,320.302
4/19/25,4.34,320.302
4/20/25,4.34,320.302
4/21/25,4.42,320.302
4/22/25,4.41,320.302
4/23/25,4.4,320.302
4/24/25,4.32,320.302
4/25/25,4.29,320.302
4/26/25,4.29,320.302
4/27/25,4.29,320.302
4/28/25,4.23,320.302
4/29/25,4.19,320.302
4/30/25,4.17,320.302
5/1/25,4.25,320.62
5/2/25,4.33,320.62
5/3/25,4.33,320.62
5/4/25,4.33,320.62
5/5/25,4.36,320.62
5/6/25,4.3,320.62
5/7/25,4.26,320.62
5/8/25,4.37,320.62
5/9/25,4.37,320.62
5/10/25,4.37,320.62
5/11/25,4.37,320.62
5/12/25,4.45,320.62
5/13/25,4.49,320.62
5/14/25,4.53,320.62
5/15/25,4.45,320.62
5/16/25,4.43,320.62
5/17/25,4.43,320.62
5/18/25,4.43,320.62
5/19/25,4.46,320.62
5/20/25,4.48,320.62
5/21/25,4.58,320.62
5/22/25,4.54,320.62
5/23/25,4.51,320.62
5/24/25,4.51,320.62
5/25/25,4.51,320.62
5/26/25,4.51,320.62
5/27/25,4.43,320.62
5/28/25,4.47,320.62
5/29/25,4.43,320.62
5/30/25,4.41,320.62
5/31/25,4.41,320.62
6/1/25,4.41,321.435
6/2/25,4.46,321.435
6/3/25,4.46,321.435
6/4/25,4.37,321.435
6/5/25,4.4,321.435
6/6/25,4.51,321.435
6/7/25,4.51,321.435
6/8/25,4.51,321.435
6/9/25,4.49,321.435
6/10/25,4.47,321.435
6/11/25,4.41,321.435
6/12/25,4.36,321.435
6/13/25,4.41,321.435
6/14/25,4.41,321.435
6/15/25,4.41,321.435
6/16/25,4.46,321.435
6/17/25,4.39,321.435
6/18/25,4.38,321.435
6/19/25,4.38,321.435
6/20/25,4.38,321.435
6/21/25,4.38,321.435
6/22/25,4.38,321.435
6/23/25,4.34,321.435
6/24/25,4.3,321.435
6/25/25,4.29,321.435
6/26/25,4.26,321.435
6/27/25,4.29,321.435
6/28/25,4.29,321.435
6/29/25,4.29,321.435
6/30/25,4.24,321.435
7/1/25,4.26,322.169
7/2/25,4.3,322.169
7/3/25,4.35,322.169
7/4/25,4.35,322.169
7/5/25,4.35,322.169
7/6/25,4.35,322.169
7/7/25,4.4,322.169
7/8/25,4.42,322.169
7/9/25,4.34,322.169
7/10/25,4.35,322.169
7/11/25,4.43,322.169
7/12/25,4.43,322.169
7/13/25,4.43,322.169
7/14/25,4.43,322.169
7/15/25,4.5,322.169
7/16/25,4.46,322.169
7/17/25,4.47,322.169
7/18/25,4.44,322.169
7/19/25,4.44,322.169
7/20/25,4.44,322.169
7/21/25,4.38,322.169
7/22/25,4.35,322.169
7/23/25,4.4,322.169
7/24/25,4.43,322.169
7/25/25,4.4,322.169
7/26/25,4.4,322.169
7/27/25,4.4,322.169
7/28/25,4.42,322.169
7/29/25,4.34,322.169
7/30/25,4.38,322.169
7/31/25,4.37,322.169
8/1/25,4.23,323.291
8/2/25,4.23,323.291
8/3/25,4.23,323.291
8/4/25,4.22,323.291
8/5/25,4.22,323.291
8/6/25,4.22,323.291
8/7/25,4.23,323.291
8/8/25,4.27,323.291
8/9/25,4.27,323.291
8/10/25,4.27,323.291
8/11/25,4.27,323.291
8/12/25,4.29,323.291
8/13/25,4.24,323.291
8/14/25,4.29,323.291
8/15/25,4.33,323.291
8/16/25,4.33,323.291
8/17/25,4.33,323.291
8/18/25,4.34,323.291
8/19/25,4.3,323.291
8/20/25,4.29,323.291
8/21/25,4.33,323.291
8/22/25,4.26,323.291
8/23/25,4.26,323.291
8/24/25,4.26,323.291
8/25/25,4.28,323.291
8/26/25,4.26,323.291
8/27/25,4.24,323.291
8/28/25,4.22,323.291
8/29/25,4.23,323.291
8/30/25,4.23,323.291
8/31/25,4.23,323.291
9/1/25,4.23,324.245
9/2/25,4.28,324.245
9/3/25,4.22,324.245
9/4/25,4.17,324.245
9/5/25,4.1,324.245
9/6/25,4.1,324.245
9/7/25,4.1,324.245
9/8/25,4.05,324.245
9/9/25,4.08,324.245
9/10/25,4.04,324.245
9/11/25,4.01,324.245
9/12/25,4.06,324.245
9/13/25,4.06,324.245
9/14/25,4.06,324.245
9/15/25,4.05,324.245
9/16/25,4.04,324.245
9/17/25,4.06,324.245
9/18/25,4.11,324.245
9/19/25,4.14,324.245
9/20/25,4.14,324.245
9/21/25,4.14,324.245
9/22/25,4.15,324.245
9/23/25,4.12,324.245
9/24/25,4.16,324.245
9/25/25,4.18,324.245
9/26/25,4.2,324.245
9/27/25,4.2,324.245
9/28/25,4.2,324.245
9/29/25,4.15,324.245
9/30/25,4.16,324.245
10/1/25,4.12,324.245
10/2/25,4.1,324.245
10/3/25,4.13,324.245
10/4/25,4.13,324.245
10/5/25,4.13,324.245
10/6/25,4.18,324.245
10/7/25,4.14,324.245
10/8/25,4.13,324.245
10/9/25,4.14,324.245
10/10/25,4.05,324.245
10/11/25,4.05,324.245
10/12/25,4.05,324.245
10/13/25,4.05,324.245
10/14/25,4.03,324.245
10/15/25,4.05,324.245
10/16/25,3.99,324.245
10/17/25,4.02,324.245
10/18/25,4.02,324.245
10/19/25,4.02,324.245
10/20/25,4,324.245
10/21/25,3.98,324.245
10/22/25,3.97,324.245
10/23/25,4.01,324.245
10/24/25,4.02,324.245
10/25/25,4.02,324.245
10/26/25,4.02,324.245
10/27/25,4.01,324.245
10/28/25,3.99,324.245
10/29/25,4.08,324.245
10/30/25,4.11,324.245
10/31/25,4.11,324.245
11/1/25,4.11,325.063
11/2/25,4.11,325.063
11/3/25,4.13,325.063
11/4/25,4.1,325.063
11/5/25,4.17,325.063
11/6/25,4.11,325.063
11/7/25,4.11,325.063
11/8/25,4.11,325.063
11/9/25,4.11,325.063
11/10/25,4.13,325.063
11/11/25,4.13,325.063
11/12/25,4.08,325.063
11/13/25,4.11,325.063
11/14/25,4.14,325.063
11/15/25,4.14,325.063
11/16/25,4.14,325.063
11/17/25,4.13,325.063
11/18/25,4.12,325.063
11/19/25,4.13,325.063
11/20/25,4.1,325.063
11/21/25,4.06,325.063
11/22/25,4.06,325.063
11/23/25,4.06,325.063
11/24/25,4.04,325.063
11/25/25,4.01,325.063
11/26/25,4,325.063
11/27/25,4,325.063
11/28/25,4.02,325.063
11/29/25,4.02,325.063
11/30/25,4.02,325.063
12/1/25,4.09,326.031
12/2/25,4.09,326.031
12/3/25,4.06,326.031
12/4/25,4.11,326.031
12/5/25,4.14,326.031
12/6/25,4.14,326.031
12/7/25,4.14,326.031
12/8/25,4.17,326.031
12/9/25,4.18,326.031
12/10/25,4.13,326.031
12/11/25,4.14,326.031
12/12/25,4.19,326.031
12/13/25,4.19,326.031
12/14/25,4.19,326.031
12/15/25,4.18,326.031
12/16/25,4.15,326.031
12/17/25,4.16,326.031
12/18/25,4.12,326.031
12/19/25,4.16,326.031
12/20/25,4.16,326.031
12/21/25,4.16,326.031
12/22/25,4.17,326.031
12/23/25,4.18,326.031
12/24/25,4.15,326.031
12/25/25,4.15,326.031
12/26/25,4.14,326.031
12/27/25,4.14,326.031
12/28/25,4.14,326.031
12/29/25,4.12,326.031
12/30/25,4.14,326.031
12/31/25,4.18,326.031